{
  "schema": "chunked_body",
  "recall@10": 0.8038333333333334,
  "map@10": 0.4929806878306878,
  "candidate_recall@50": 0.8768333333333334
}