{
  "recall@10": 0.3333333333333333,
  "map@10": 0.19444444444444445,
  "candidate_recall@50": 1.0
}