{
  "recall@10": 0.6145,
  "map@10": 0.3948616402116402,
  "candidate_recall@50": 0.8361666666666666
}